,Prezzo,Nr. pezzi,Sconto in %,Prezzo pieno,Prezzo scontato
0,0.23,643,0.42,147.89000000000001,147.268862
1,19.0,6,12.0,114.0,100.32
2,7.23,12,16.0,86.76,72.8784
